{"cameraMode":{"drawMode":0,"name":"Shaded","section":"Shading Mode"},"sceneLighting":false,"audioPlay":false,"sceneViewState":{"showFog":true,"showMaterialUpdate":false,"showSkybox":false,"showFlares":true,"showImageEffects":true,"showParticleSystems":true},"in2DMode":false,"pivot":{"x":1.7740000486373902,"y":0.1776289939880371,"z":11.937577247619629},"rotation":{"x":0.08668576180934906,"y":0.618618369102478,"z":-0.06949742883443833,"w":0.7780507206916809},"size":0.18624524772167207,"orthographic":true}