{"cameraMode":{"drawMode":0,"name":"Shaded","section":"Shading Mode"},"sceneLighting":false,"audioPlay":false,"sceneViewState":{"showFog":true,"showMaterialUpdate":false,"showSkybox":false,"showFlares":true,"showImageEffects":true,"showParticleSystems":true},"in2DMode":false,"pivot":{"x":-0.059999942779541019,"y":4.889999866485596,"z":18.489999771118165},"rotation":{"x":-0.009113934822380543,"y":-0.41349658370018008,"z":-0.004574528895318508,"w":0.9107291102409363},"size":4.839679718017578,"orthographic":true}