{"cameraMode":{"drawMode":0,"name":"Shaded","section":"Shading Mode"},"sceneLighting":false,"audioPlay":false,"sceneViewState":{"showFog":true,"showMaterialUpdate":false,"showSkybox":false,"showFlares":true,"showImageEffects":true,"showParticleSystems":true},"in2DMode":false,"pivot":{"x":1.9499999284744263,"y":0.05000000074505806,"z":11.949999809265137},"rotation":{"x":0.229063481092453,"y":0.042021796107292178,"z":-0.010337642394006253,"w":0.9726371765136719},"size":0.08660262078046799,"orthographic":true}