{"cameraMode":{"drawMode":0,"name":"Shaded","section":"Shading Mode"},"sceneLighting":false,"audioPlay":false,"sceneViewState":{"showFog":true,"showMaterialUpdate":false,"showSkybox":false,"showFlares":true,"showImageEffects":true,"showParticleSystems":true},"in2DMode":false,"pivot":{"x":0.3375244140625,"y":0.0,"z":1.8000001907348633},"rotation":{"x":-0.020529964938759805,"y":0.8247181177139282,"z":0.029195817187428476,"w":0.5648078322410584},"size":5.820683479309082,"orthographic":true}