{"cameraMode":{"drawMode":0,"name":"Shaded","section":"Shading Mode"},"sceneLighting":false,"audioPlay":false,"sceneViewState":{"showFog":true,"showMaterialUpdate":false,"showSkybox":false,"showFlares":true,"showImageEffects":true,"showParticleSystems":true},"in2DMode":false,"pivot":{"x":2.25,"y":0.05000000074505806,"z":26.250001907348634},"rotation":{"x":0.16511736810207368,"y":0.10309382528066635,"z":-0.017788058146834375,"w":0.9809116721153259},"size":0.08660206943750382,"orthographic":true}