{"cameraMode":{"drawMode":0,"name":"Shaded","section":"Shading Mode"},"sceneLighting":false,"audioPlay":false,"sceneViewState":{"showFog":true,"showMaterialUpdate":false,"showSkybox":false,"showFlares":true,"showImageEffects":true,"showParticleSystems":true},"in2DMode":false,"pivot":{"x":1.9115476608276368,"y":0.6739941835403442,"z":12.099721908569336},"rotation":{"x":0.00426465691998601,"y":0.9846732020378113,"z":-0.026985222473740579,"w":0.17360235750675202},"size":0.16113965213298798,"orthographic":true}