{"cameraMode":{"drawMode":0,"name":"Shaded","section":"Shading Mode"},"sceneLighting":false,"audioPlay":false,"sceneViewState":{"showFog":true,"showMaterialUpdate":false,"showSkybox":false,"showFlares":true,"showImageEffects":true,"showParticleSystems":true},"in2DMode":false,"pivot":{"x":2.0189757347106935,"y":0.25916334986686709,"z":12.828001976013184},"rotation":{"x":0.009573661722242833,"y":0.9831840991973877,"z":-0.17468790709972382,"w":0.05667821317911148},"size":10.0,"orthographic":true}